Dataset,Classifier_Name,CV_mean,CV_std,Test_score
sonar,_LR,0.7536764705882353,0.11373314925189718,0.7142857142857143
sonar,StandardScaler_LR,0.7415441176470589,0.10502164981119722,0.8333333333333334
,,,,
sonar,_LR-PCA,0.6985294117647058,0.10151320503189597,0.6190476190476191
sonar,StandardScaler_LR-PCA,0.7525735294117647,0.14654367492037843,0.7380952380952381
